Age,Sex,ChestPain,RestingBP,Cholesterol,MaxHeartRate,ExerciseAngina,Oldpeak,HeartDisease
63,1,ATA,145,233,150,N,2.3,1
37,1,NAP,130,250,187,N,3.5,0
41,0,ATA,130,204,172,N,1.4,0
56,1,ASY,140,294,153,Y,1.3,1
57,0,NAP,120,354,163,N,0.6,0
57,1,ASY,140,192,148,N,0.4,0
56,0,ATA,140,294,153,N,1.3,0
44,1,ATA,120,263,173,N,0.0,0
52,1,NAP,172,199,162,N,0.5,0
57,1,ATA,150,168,174,N,1.6,0
54,1,ASY,140,239,160,N,1.2,1
48,0,ATA,130,275,139,N,0.2,0
49,1,ATA,130,266,171,N,0.6,0
64,1,ASY,110,211,144,Y,1.8,1
58,0,ASY,150,283,162,N,1.0,1
58,1,ATA,120,284,160,N,1.8,1
50,1,NAP,140,233,163,N,0.6,1
58,1,ASY,120,203,150,N,0.9,1
66,0,ATA,150,226,114,N,2.6,0
43,1,TA,115,303,181,N,1.2,0
69,1,ASY,140,239,129,N,1.8,1
59,1,NAP,130,318,120,Y,1.0,1
44,1,ATA,120,220,170,N,0.0,0
42,1,ATA,130,180,150,N,0.0,0
61,1,ASY,140,207,138,Y,1.9,1
40,1,ATA,140,199,178,Y,1.4,0
55,1,ASY,140,217,111,Y,5.6,1
54,1,ATA,110,208,142,N,0.0,0
42,0,ATA,120,209,172,N,0.0,0
51,1,ATA,125,188,145,N,0.0,0
65,1,ASY,140,306,87,Y,1.5,1
35,0,ATA,120,192,156,N,0.0,0
59,1,ASY,170,326,140,Y,3.4,1
64,1,NAP,125,212,157,N,0.6,1
48,1,ASY,110,229,168,N,1.0,1
58,0,ATA,140,197,116,N,0.0,0
50,0,NAP,110,254,159,N,0.0,0
45,1,ATA,120,308,170,N,0.0,0
37,1,ASY,130,315,158,N,0.0,1
56,1,NAP,130,221,163,N,0.0,0
62,1,ASY,160,164,145,N,6.2,1
63,0,ASY,140,365,136,N,0.0,1
53,1,ASY,130,246,173,N,0.0,1
48,1,NAP,120,195,125,N,0.0,0
50,1,ASY,150,243,128,N,2.6,1
43,0,ATA,130,315,162,N,1.9,0
59,1,NAP,150,212,157,N,1.6,0
37,1,ATA,120,260,130,N,0.0,0
50,0,ATA,120,244,162,N,1.1,0
54,1,ASY,150,195,122,N,0.0,1
65,0,NAP,140,417,157,N,0.8,0
41,1,NAP,130,214,168,N,2.0,0
48,0,ASY,120,227,130,Y,1.0,0
53,1,ASY,130,180,120,Y,2.0,1
46,1,ATA,140,275,165,Y,0.0,0
52,0,NAP,128,205,184,N,0.0,0
38,1,ATA,138,175,173,N,0.0,0
55,1,ASY,128,205,130,Y,2.0,1
51,1,NAP,135,160,150,N,2.0,0
62,0,ASY,140,268,160,N,3.6,1
40,1,ATA,140,289,172,N,0.0,0
63,1,ASY,150,223,115,N,2.5,1
60,0,NAP,130,253,144,N,1.4,1
45,1,ATA,110,264,132,N,1.2,0
57,1,ASY,130,207,96,Y,1.0,1
53,0,ATA,128,216,115,N,0.0,0
51,1,ASY,140,298,122,Y,4.2,1
58,1,NAP,105,240,154,Y,0.6,0
47,1,ATA,108,243,152,N,0.0,0
52,1,ASY,128,204,156,Y,1.0,1
62,1,NAP,120,267,99,Y,1.8,1
55,0,ATA,132,342,166,N,1.2,0
44,1,NAP,120,220,170,N,0.0,0
56,1,ASY,130,283,103,Y,1.6,1
50,1,ATA,120,210,158,N,0.0,0
45,0,ATA,130,234,175,N,0.6,0
65,1,ASY,150,225,114,N,1.0,1
61,1,NAP,145,307,146,Y,1.0,1
49,0,NAP,130,207,135,N,0.0,0
42,1,ATA,120,198,155,N,0.0,0
58,1,ASY,150,270,111,Y,0.8,1
57,0,ATA,130,308,98,N,1.0,0
51,1,NAP,130,256,149,N,0.5,0
54,1,ASY,125,224,122,N,2.0,1
48,0,ATA,120,229,175,N,0.0,0
66,1,ASY,140,245,140,Y,2.6,1
39,1,ATA,120,200,170,N,0.0,0
52,1,NAP,125,212,168,N,1.0,0
59,1,ASY,140,326,140,Y,3.4,1
41,0,ATA,125,198,168,N,0.0,0
60,1,ASY,135,282,118,Y,1.5,1
47,0,NAP,115,243,145,N,0.0,0
63,1,ASY,145,233,130,Y,2.3,1
55,1,ATA,120,256,165,N,0.0,0
43,1,NAP,130,315,162,N,1.9,0
68,1,ASY,140,254,151,Y,2.0,1
46,0,ATA,110,202,150,N,0.0,0
53,1,ASY,140,203,155,Y,3.1,1
49,1,NAP,120,188,139,N,0.0,0
56,0,ATA,130,256,142,N,0.6,0
64,1,ASY,150,258,130,Y,2.8,1
45,1,ATA,120,245,175,N,0.0,0
61,0,NAP,130,260,140,N,0.5,0
58,1,ASY,140,275,120,Y,2.1,1
52,1,ATA,125,220,160,N,0.0,0
67,1,ASY,160,286,108,Y,1.5,1
40,0,ATA,120,180,170,N,0.0,0
55,1,NAP,130,240,150,N,0.8,0
62,1,ASY,145,280,125,Y,2.5,1
